client_id,sum_value,count
client1,2197.6,58
client2,2381.7999999999997,57
client3,2568.600000000001,57
